name,creditScore,income,loanAmount,monthDuration,approval,rate,yearlyReimbursement
John Doe, 765, 159438, 1016861, 22, 0.0, 0.0, 0.0
John Doe, 801, 161599, 360078, 23, 1.0, 0.08, 34644.28042106622
John Doe, 399, 296507, 1389218, 3, 0.0, 0.0, 0.0
John Doe, 830, 199350, 843601, 7, 0.0, 0.059, 163524.49813258226
John Doe, 670, 30193, 258122, 16, 0.0, 0.067, 26491.898994629424
John Doe, 804, 85085, 1560000, 27, 0.0, 0.0, 0.0
John Doe, 481, 278278, 1256166, 18, 0.0, 0.0, 0.0
John Doe, 807, 174578, 371999, 28, 1.0, 0.085, 35057.57052430018
John Doe, 739, 234893, 1618586, 18, 0.0, 0.0, 0.0
John Doe, 482, 15338, 1521752, 12, 0.0, 0.0, 0.0
John Doe, 532, 211685, 1449745, 13, 0.0, 0.0, 0.0
John Doe, 841, 116514, 643575, 16, 0.0, 0.067, 66052.19196917981
John Doe, 450, 35090, 1136463, 13, 0.0, 0.0, 0.0
John Doe, 491, 213031, 1626920, 0, 0.0, 0.0, 0.0
John Doe, 490, 40156, 720180, 30, 0.0, 0.085, 66491.01386903712
John Doe, 413, 298409, 434349, 27, 1.0, 0.085, 41295.97140302079
John Doe, 457, 20834, 11263, 25, 1.0, 0.08, 1048.7436842873153
John Doe, 410, 64672, 1891394, 7, 0.0, 0.0, 0.0
John Doe, 528, 136619, 394793, 16, 1.0, 0.067, 41393.84938610069
John Doe, 301, 50149, 725445, 17, 0.0, 0.067, 72971.30522600011
John Doe, 369, 164038, 1530478, 6, 0.0, 0.0, 0.0
John Doe, 773, 276636, 615930, 28, 1.0, 0.085, 57827.872498933764
John Doe, 603, 148986, 476218, 14, 1.0, 0.067, 54318.20180242334
John Doe, 517, 265207, 1948944, 30, 0.0, 0.0, 0.0
John Doe, 547, 268626, 745504, 9, 0.0, 0.063, 110262.71570349555
John Doe, 580, 227892, 410448, 20, 1.0, 0.08, 41267.880297036056
John Doe, 538, 7782, 116885, 11, 0.0, 0.063, 14994.804078339344
John Doe, 516, 152465, 1911504, 24, 0.0, 0.0, 0.0
John Doe, 570, 78952, 916980, 6, 0.0, 0.059, 195640.94977100435
John Doe, 635, 155821, 1868586, 5, 0.0, 0.0, 0.0
John Doe, 535, 153693, 358138, 10, 1.0, 0.063, 48654.90705055083
John Doe, 841, 92987, 157651, 30, 1.0, 0.085, 14628.452542196414
John Doe, 783, 88767, 282954, 12, 0.0, 0.063, 33821.78792697091
John Doe, 591, 252878, 1561661, 7, 0.0, 0.0, 0.0
John Doe, 536, 37567, 399313, 2, 0.0, 0.055, 277949.9989945196
John Doe, 306, 266767, 1020965, 17, 0.0, 0.0, 0.0
John Doe, 450, 176884, 424007, 1, 0.0, 0.055, 475370.24305887835
John Doe, 552, 133463, 1101233, 26, 0.0, 0.0, 0.0
John Doe, 789, 93411, 1226533, 24, 0.0, 0.0, 0.0
John Doe, 567, 47607, 1785227, 15, 0.0, 0.0, 0.0
John Doe, 454, 182690, 1407610, 5, 0.0, 0.0, 0.0
John Doe, 427, 189971, 787062, 2, 0.0, 0.055, 520187.6793925538
John Doe, 700, 185956, 182968, 23, 1.0, 0.08, 17533.815937912415
John Doe, 492, 225509, 238907, 29, 1.0, 0.085, 22226.536960210386
John Doe, 764, 124821, 989763, 17, 0.0, 0.067, 100695.48805968628
John Doe, 367, 94820, 812313, 25, 0.0, 0.08, 75555.73993150229
John Doe, 447, 188588, 1001722, 18, 0.0, 0.0, 0.0
John Doe, 647, 5300, 1455205, 1, 0.0, 0.0, 0.0
John Doe, 682, 159550, 1435116, 3, 0.0, 0.0, 0.0
John Doe, 428, 121172, 1140458, 9, 0.0, 0.0, 0.0
John Doe, 787, 254759, 1949487, 8, 0.0, 0.0, 0.0
John Doe, 381, 47724, 866204, 24, 0.0, 0.08, 81384.11614177929
John Doe, 532, 171836, 1987498, 9, 0.0, 0.0, 0.0
John Doe, 449, 249087, 1998391, 25, 0.0, 0.0, 0.0
John Doe, 682, 106431, 43548, 25, 1.0, 0.08, 4037.571815254614
John Doe, 569, 164795, 1623477, 19, 0.0, 0.0, 0.0
John Doe, 466, 291501, 1680975, 19, 0.0, 0.0, 0.0
John Doe, 688, 96036, 447850, 13, 0.0, 0.067, 52549.51320276619
John Doe, 475, 176704, 1806678, 27, 0.0, 0.0, 0.0
John Doe, 806, 254987, 848878, 11, 0.0, 0.063, 113951.64344557744
John Doe, 370, 29621, 27275, 2, 0.0, 0.055, 25992.069800897236
John Doe, 401, 160984, 702331, 6, 0.0, 0.059, 139278.34149780698
John Doe, 669, 110450, 713914, 27, 0.0, 0.085, 67543.77697527196
John Doe, 358, 65648, 1678017, 5, 0.0, 0.0, 0.0
John Doe, 361, 135991, 148596, 30, 1.0, 0.085, 13806.226966125105
John Doe, 834, 99672, 749229, 11, 0.0, 0.063, 95598.80479374227
John Doe, 593, 146627, 362157, 13, 1.0, 0.067, 42673.53320093987
John Doe, 398, 200034, 1985297, 29, 0.0, 0.0, 0.0
John Doe, 402, 87415, 145548, 23, 1.0, 0.08, 13875.845070181007
John Doe, 716, 155268, 1417064, 12, 0.0, 0.0, 0.0
John Doe, 721, 178868, 457998, 8, 0.0, 0.059, 75056.34584698311
John Doe, 613, 144445, 353176, 11, 1.0, 0.063, 46588.540968641864
John Doe, 340, 28571, 1898143, 15, 0.0, 0.0, 0.0
John Doe, 687, 253234, 295176, 1, 0.0, 0.055, 599858.3179124959
John Doe, 358, 17042, 1971121, 1, 0.0, 0.0, 0.0
John Doe, 509, 177196, 1209680, 13, 0.0, 0.0, 0.0
John Doe, 798, 202339, 93501, 29, 1.0, 0.085, 8740.641946277614
John Doe, 825, 232043, 1868389, 27, 0.0, 0.0, 0.0
John Doe, 679, 151661, 240078, 5, 0.0, 0.059, 64004.94579176047
John Doe, 651, 235492, 106996, 18, 1.0, 0.08, 11234.100119265122
John Doe, 530, 124761, 57093, 11, 1.0, 0.063, 7364.345204417648
John Doe, 825, 22285, 871716, 19, 0.0, 0.08, 91150.3092777809
John Doe, 700, 155346, 444211, 23, 1.0, 0.08, 42681.705552102685
John Doe, 754, 258767, 850324, 27, 1.0, 0.085, 80777.67831453285
John Doe, 505, 81155, 935075, 12, 0.0, 0.063, 113381.31230670692
John Doe, 314, 105780, 200232, 24, 1.0, 0.08, 18947.20522369653
John Doe, 418, 141001, 669911, 1, 0.0, 0.055, 1629960.8574192263
John Doe, 470, 297654, 609966, 23, 1.0, 0.08, 58225.62800924061
John Doe, 432, 144458, 933467, 28, 0.0, 0.085, 87837.03534118301
John Doe, 547, 83435, 1726851, 24, 0.0, 0.0, 0.0
John Doe, 812, 34933, 1801395, 7, 0.0, 0.0, 0.0
John Doe, 332, 276471, 1261002, 11, 0.0, 0.0, 0.0
John Doe, 312, 244465, 1665623, 19, 0.0, 0.0, 0.0
John Doe, 328, 155923, 85810, 7, 1.0, 0.059, 15442.384238083521
John Doe, 679, 214850, 655603, 14, 1.0, 0.067, 72558.80545211688
John Doe, 832, 23981, 993671, 13, 0.0, 0.067, 117085.82854759434
John Doe, 661, 47431, 1192652, 25, 0.0, 0.0, 0.0
John Doe, 765, 74640, 1872216, 17, 0.0, 0.0, 0.0
John Doe, 505, 207474, 1157803, 27, 0.0, 0.0, 0.0
John Doe, 572, 42149, 1723972, 27, 0.0, 0.0, 0.0
John Doe, 570, 239369, 62141, 23, 1.0, 0.08, 5962.835435454455
John Doe, 661, 151974, 1788144, 20, 0.0, 0.0, 0.0
John Doe, 357, 238497, 1918903, 26, 0.0, 0.0, 0.0
John Doe, 307, 65741, 1007765, 18, 0.0, 0.0, 0.0
John Doe, 321, 143393, 1558761, 1, 0.0, 0.0, 0.0
John Doe, 808, 229551, 1033295, 16, 0.0, 0.0, 0.0
John Doe, 717, 178636, 1327468, 21, 0.0, 0.0, 0.0
John Doe, 474, 176814, 23025, 19, 1.0, 0.08, 2388.3569072315686
John Doe, 551, 141592, 475994, 12, 0.0, 0.063, 56896.061276782064
John Doe, 829, 190956, 1693339, 25, 0.0, 0.0, 0.0
John Doe, 826, 233778, 1208860, 1, 0.0, 0.0, 0.0
John Doe, 347, 177535, 1733706, 23, 0.0, 0.0, 0.0
John Doe, 389, 115185, 1472, 9, 1.0, 0.063, 225.7859042042038
John Doe, 778, 271307, 21636, 24, 1.0, 0.08, 2049.83220211508
John Doe, 717, 84505, 1230888, 28, 0.0, 0.0, 0.0
John Doe, 785, 92219, 1585014, 29, 0.0, 0.0, 0.0
John Doe, 484, 63094, 1779089, 26, 0.0, 0.0, 0.0
John Doe, 344, 260134, 1340088, 21, 0.0, 0.0, 0.0
John Doe, 512, 190761, 549791, 21, 1.0, 0.08, 54999.1697298869
John Doe, 453, 165100, 1003695, 18, 0.0, 0.0, 0.0
John Doe, 445, 108574, 1869266, 24, 0.0, 0.0, 0.0
John Doe, 377, 116161, 1802498, 18, 0.0, 0.0, 0.0
John Doe, 603, 40972, 692368, 26, 0.0, 0.085, 66710.41620113558
John Doe, 387, 244069, 1588307, 2, 0.0, 0.0, 0.0
John Doe, 318, 256193, 1174432, 21, 0.0, 0.0, 0.0
John Doe, 724, 12891, 1468824, 26, 0.0, 0.0, 0.0
John Doe, 476, 141656, 359471, 13, 1.0, 0.067, 41831.33064732744
John Doe, 845, 292468, 1173242, 30, 0.0, 0.0, 0.0
John Doe, 491, 217196, 930028, 17, 0.0, 0.067, 91790.99235189766
John Doe, 628, 112324, 1031371, 25, 0.0, 0.0, 0.0
John Doe, 746, 113357, 713067, 15, 0.0, 0.067, 77801.60444248875
John Doe, 826, 251027, 1936594, 10, 0.0, 0.0, 0.0
John Doe, 397, 280197, 81991, 22, 1.0, 0.08, 8035.547138616931
John Doe, 315, 120645, 1113966, 1, 0.0, 0.0, 0.0
John Doe, 632, 181713, 773520, 16, 0.0, 0.067, 81619.50027607862
John Doe, 461, 280102, 1395825, 27, 0.0, 0.0, 0.0
John Doe, 429, 166135, 1779923, 16, 0.0, 0.0, 0.0
John Doe, 758, 114433, 332806, 13, 1.0, 0.067, 39896.74594379461
John Doe, 456, 28524, 805688, 2, 0.0, 0.055, 668436.0646675222
John Doe, 829, 148646, 1496480, 7, 0.0, 0.0, 0.0
John Doe, 554, 271572, 810827, 15, 0.0, 0.067, 87556.52339749271
John Doe, 692, 38702, 262694, 24, 0.0, 0.08, 24827.689707691425
John Doe, 483, 196881, 1011889, 18, 0.0, 0.0, 0.0
John Doe, 816, 660, 1048041, 14, 0.0, 0.0, 0.0
John Doe, 410, 172685, 581503, 24, 1.0, 0.08, 54762.85318448456
John Doe, 815, 69012, 94991, 22, 1.0, 0.08, 9309.615180255894
John Doe, 446, 226771, 1476752, 19, 0.0, 0.0, 0.0
John Doe, 756, 122378, 497329, 26, 0.0, 0.085, 47963.56455108093
John Doe, 333, 233665, 1228407, 9, 0.0, 0.0, 0.0
John Doe, 601, 298938, 1103684, 17, 0.0, 0.0, 0.0
John Doe, 798, 32984, 1123402, 13, 0.0, 0.0, 0.0
John Doe, 531, 254033, 1453725, 10, 0.0, 0.0, 0.0
John Doe, 411, 137783, 1591968, 23, 0.0, 0.0, 0.0
John Doe, 356, 61340, 1053514, 10, 0.0, 0.0, 0.0
John Doe, 645, 225743, 442398, 23, 1.0, 0.08, 42507.50470573472
John Doe, 770, 138790, 491753, 11, 0.0, 0.063, 62411.62634096753
John Doe, 438, 236982, 1138056, 30, 0.0, 0.0, 0.0
John Doe, 314, 117188, 1389255, 19, 0.0, 0.0, 0.0
John Doe, 560, 16190, 944294, 3, 0.0, 0.055, 370786.90210195095
John Doe, 685, 278275, 1555447, 30, 0.0, 0.0, 0.0
John Doe, 301, 96645, 1442534, 9, 0.0, 0.0, 0.0
John Doe, 744, 249093, 1437741, 21, 0.0, 0.0, 0.0
John Doe, 424, 243641, 1663633, 23, 0.0, 0.0, 0.0
John Doe, 843, 69130, 1775226, 21, 0.0, 0.0, 0.0
John Doe, 676, 296058, 575466, 6, 0.0, 0.059, 122777.72121629785
John Doe, 350, 78250, 1934353, 19, 0.0, 0.0, 0.0
John Doe, 752, 9531, 1606663, 0, 0.0, 0.0, 0.0
John Doe, 578, 128096, 1681834, 21, 0.0, 0.0, 0.0
John Doe, 712, 132114, 1629829, 14, 0.0, 0.0, 0.0
John Doe, 577, 283173, 953267, 18, 0.0, 0.08, 101825.67374804686
John Doe, 733, 103993, 786981, 18, 0.0, 0.08, 83152.55737752619
John Doe, 406, 74397, 663233, 7, 0.0, 0.059, 115885.34037691326
John Doe, 822, 263917, 735217, 25, 1.0, 0.08, 68384.80295799687
John Doe, 649, 236377, 775806, 22, 1.0, 0.08, 76033.04854705818
John Doe, 783, 65242, 1432800, 3, 0.0, 0.0, 0.0
John Doe, 476, 227529, 59161, 5, 1.0, 0.059, 14533.537391922142
John Doe, 725, 129238, 180269, 12, 1.0, 0.063, 22294.620878162343
John Doe, 304, 291098, 373849, 16, 1.0, 0.067, 38256.36763689453
John Doe, 663, 19256, 1076466, 3, 0.0, 0.0, 0.0
John Doe, 531, 196029, 1524402, 2, 0.0, 0.0, 0.0
John Doe, 510, 160141, 738241, 23, 0.0, 0.08, 70291.10773533785
John Doe, 386, 244168, 1015309, 7, 0.0, 0.0, 0.0
John Doe, 486, 107684, 551308, 23, 0.0, 0.08, 53043.14329222329
John Doe, 554, 78441, 1215635, 7, 0.0, 0.0, 0.0
John Doe, 667, 124594, 1948342, 23, 0.0, 0.0, 0.0
John Doe, 336, 173352, 16284, 15, 1.0, 0.067, 1770.5429002945898
John Doe, 301, 125502, 422864, 25, 0.0, 0.08, 39504.96788587682
John Doe, 685, 271380, 968059, 23, 1.0, 0.08, 92769.05427746686
John Doe, 433, 223576, 1951164, 12, 0.0, 0.0, 0.0
John Doe, 380, 97723, 1869550, 6, 0.0, 0.0, 0.0
John Doe, 374, 56619, 1070971, 20, 0.0, 0.0, 0.0
John Doe, 788, 281499, 1926824, 8, 0.0, 0.0, 0.0
John Doe, 817, 278868, 1509740, 23, 0.0, 0.0, 0.0
John Doe, 722, 38082, 871655, 6, 0.0, 0.059, 183620.3835729332
John Doe, 458, 215472, 516166, 12, 0.0, 0.063, 61410.07539766868
John Doe, 367, 168099, 84629, 28, 1.0, 0.085, 7981.671067765246
John Doe, 693, 55676, 68460, 29, 1.0, 0.085, 6373.392854830019
John Doe, 306, 160978, 950936, 5, 0.0, 0.059, 237298.87874935585
John Doe, 712, 75601, 148294, 2, 0.0, 0.055, 109048.73932167476
John Doe, 628, 101257, 850653, 19, 0.0, 0.08, 88237.26246285584
John Doe, 729, 176215, 1110280, 6, 0.0, 0.0, 0.0
John Doe, 720, 174535, 666386, 19, 0.0, 0.08, 69260.4132354611
John Doe, 417, 292246, 1767180, 17, 0.0, 0.0, 0.0
John Doe, 692, 106575, 1137346, 20, 0.0, 0.0, 0.0
John Doe, 514, 195503, 1668370, 17, 0.0, 0.0, 0.0
John Doe, 660, 107097, 302338, 21, 1.0, 0.08, 29811.42415518315
John Doe, 615, 105246, 1784657, 21, 0.0, 0.0, 0.0
John Doe, 738, 281987, 500417, 26, 1.0, 0.085, 47822.64966201082
John Doe, 698, 228914, 631544, 18, 1.0, 0.08, 67763.88839127618
John Doe, 578, 240625, 1626547, 26, 0.0, 0.0, 0.0
John Doe, 512, 240804, 64223, 11, 1.0, 0.063, 8284.033805603396
John Doe, 558, 14572, 1603680, 30, 0.0, 0.0, 0.0
John Doe, 374, 242405, 453507, 14, 1.0, 0.067, 50749.06289493087
John Doe, 833, 89807, 1209309, 18, 0.0, 0.0, 0.0
John Doe, 742, 16154, 1689022, 5, 0.0, 0.0, 0.0
John Doe, 404, 195904, 704251, 12, 0.0, 0.063, 84179.85951552971
John Doe, 449, 240822, 1034188, 12, 0.0, 0.0, 0.0
John Doe, 808, 115020, 1218839, 13, 0.0, 0.0, 0.0
John Doe, 507, 289747, 1950829, 17, 0.0, 0.0, 0.0
John Doe, 333, 233203, 964942, 25, 0.0, 0.08, 89947.96816075014
John Doe, 590, 17386, 887091, 20, 0.0, 0.08, 89812.43618157833
John Doe, 786, 32583, 1313206, 30, 0.0, 0.0, 0.0
John Doe, 643, 291240, 42133, 11, 1.0, 0.063, 5526.324040143122
John Doe, 316, 80423, 1199470, 14, 0.0, 0.0, 0.0
John Doe, 713, 158154, 1239839, 6, 0.0, 0.0, 0.0
John Doe, 449, 139137, 1641709, 10, 0.0, 0.0, 0.0
John Doe, 301, 110434, 1310418, 27, 0.0, 0.0, 0.0
John Doe, 834, 268376, 142493, 24, 1.0, 0.08, 13483.579617344827
John Doe, 452, 129181, 1435753, 22, 0.0, 0.0, 0.0
John Doe, 708, 198558, 48645, 2, 1.0, 0.055, 40358.144052972886
John Doe, 642, 222240, 1498134, 17, 0.0, 0.0, 0.0
John Doe, 762, 296090, 1510255, 2, 0.0, 0.0, 0.0
John Doe, 829, 11110, 912539, 28, 0.0, 0.085, 85932.90891442893
John Doe, 338, 49447, 340012, 22, 0.0, 0.08, 33423.589872425844
John Doe, 822, 175804, 1143858, 22, 0.0, 0.0, 0.0
John Doe, 342, 156869, 1978998, 15, 0.0, 0.0, 0.0
John Doe, 462, 186047, 129845, 30, 1.0, 0.085, 12048.330935683842
John Doe, 362, 279061, 928743, 22, 0.0, 0.08, 89973.37341689295
John Doe, 682, 280173, 259560, 27, 1.0, 0.085, 24657.253215621517
John Doe, 808, 111820, 757086, 8, 0.0, 0.059, 131026.64439823382
John Doe, 517, 24842, 100653, 22, 0.0, 0.08, 9879.344140234738
John Doe, 501, 175458, 316685, 5, 0.0, 0.059, 76611.22199323252
John Doe, 344, 76153, 525862, 11, 0.0, 0.063, 67461.15979162154
John Doe, 808, 91152, 1663153, 16, 0.0, 0.0, 0.0
John Doe, 479, 169296, 1652187, 9, 0.0, 0.0, 0.0
John Doe, 491, 13656, 1701569, 16, 0.0, 0.0, 0.0
John Doe, 803, 94500, 561625, 18, 0.0, 0.08, 60261.6663569767
John Doe, 327, 99100, 546380, 10, 0.0, 0.063, 77577.91759733691
John Doe, 341, 153301, 1200196, 1, 0.0, 0.0, 0.0
John Doe, 696, 153798, 1514841, 14, 0.0, 0.0, 0.0
John Doe, 319, 264130, 1326153, 3, 0.0, 0.0, 0.0
John Doe, 431, 22116, 496349, 13, 0.0, 0.067, 57759.70561038396
John Doe, 479, 59584, 1666204, 7, 0.0, 0.0, 0.0
John Doe, 548, 229597, 1901255, 3, 0.0, 0.0, 0.0
John Doe, 348, 50764, 1401751, 3, 0.0, 0.0, 0.0
John Doe, 826, 291773, 588773, 11, 1.0, 0.063, 79035.68117725156
John Doe, 476, 164467, 1200503, 2, 0.0, 0.0, 0.0
John Doe, 674, 83754, 1043751, 19, 0.0, 0.0, 0.0
John Doe, 846, 276211, 1781340, 19, 0.0, 0.0, 0.0
John Doe, 524, 133838, 899673, 18, 0.0, 0.08, 94858.11842632847
John Doe, 843, 81959, 594368, 28, 0.0, 0.085, 56057.0238240496
John Doe, 356, 263571, 1817191, 26, 0.0, 0.0, 0.0
John Doe, 838, 191474, 850271, 6, 0.0, 0.059, 181408.34696802727
John Doe, 613, 143070, 1194468, 4, 0.0, 0.0, 0.0
John Doe, 826, 280480, 673189, 12, 1.0, 0.063, 80091.6512263132
John Doe, 640, 124689, 522116, 24, 0.0, 0.08, 49055.36015012773
John Doe, 672, 52925, 503439, 17, 0.0, 0.067, 50640.09116014622
John Doe, 816, 159525, 1059714, 25, 0.0, 0.0, 0.0
John Doe, 346, 110701, 1557905, 20, 0.0, 0.0, 0.0
John Doe, 797, 103621, 1404753, 19, 0.0, 0.0, 0.0
John Doe, 548, 79987, 1778253, 5, 0.0, 0.0, 0.0
John Doe, 318, 86507, 1294099, 2, 0.0, 0.0, 0.0
John Doe, 726, 51185, 465330, 27, 0.0, 0.085, 44168.118085577036
John Doe, 412, 10709, 1312105, 21, 0.0, 0.0, 0.0
John Doe, 841, 255097, 1010974, 29, 0.0, 0.0, 0.0
John Doe, 406, 82785, 111598, 19, 1.0, 0.08, 11598.86851802257
John Doe, 610, 149959, 1688686, 1, 0.0, 0.0, 0.0
John Doe, 388, 64155, 160996, 19, 1.0, 0.08, 16667.19136701131
John Doe, 835, 62172, 1338367, 3, 0.0, 0.0, 0.0
John Doe, 301, 82306, 1133547, 29, 0.0, 0.0, 0.0
John Doe, 460, 114615, 1557806, 21, 0.0, 0.0, 0.0
John Doe, 796, 32967, 917566, 2, 0.0, 0.055, 551160.9458862774
John Doe, 752, 248365, 1368601, 7, 0.0, 0.0, 0.0
John Doe, 778, 43354, 1257694, 30, 0.0, 0.0, 0.0
John Doe, 597, 281201, 524257, 8, 1.0, 0.059, 85174.04442602608
John Doe, 729, 181907, 1488748, 2, 0.0, 0.0, 0.0
John Doe, 444, 235605, 1034745, 3, 0.0, 0.0, 0.0
John Doe, 723, 205970, 1291145, 14, 0.0, 0.0, 0.0
John Doe, 346, 172916, 49744, 5, 1.0, 0.059, 13037.33855710509
John Doe, 427, 15018, 319864, 28, 0.0, 0.085, 30238.453407975932
John Doe, 316, 3244, 21191, 1, 0.0, 0.055, 85542.18770550317
John Doe, 308, 41427, 720421, 1, 0.0, 0.055, 2908139.7012404464
John Doe, 639, 43498, 1696932, 29, 0.0, 0.0, 0.0
John Doe, 371, 95767, 1572547, 29, 0.0, 0.0, 0.0
John Doe, 845, 111067, 717772, 4, 0.0, 0.055, 225917.50515677867
John Doe, 384, 10653, 165698, 23, 0.0, 0.08, 15858.05172577144
John Doe, 449, 87239, 1729993, 7, 0.0, 0.0, 0.0
John Doe, 697, 81590, 524774, 1, 0.0, 0.055, 916180.8869972536
John Doe, 550, 233009, 1408307, 13, 0.0, 0.0, 0.0
John Doe, 612, 109733, 927603, 8, 0.0, 0.059, 157563.99039138382
John Doe, 411, 287652, 627883, 15, 0.0, 0.067, 68269.08547443306
John Doe, 787, 248349, 1289859, 4, 0.0, 0.0, 0.0
John Doe, 770, 226120, 339737, 19, 1.0, 0.08, 35035.433315146394
John Doe, 456, 69973, 583783, 1, 0.0, 0.055, 1019202.2218210462
John Doe, 787, 270116, 1196580, 8, 0.0, 0.0, 0.0
John Doe, 720, 196174, 1093877, 6, 0.0, 0.0, 0.0
John Doe, 627, 266643, 1445012, 11, 0.0, 0.0, 0.0
John Doe, 694, 197493, 828805, 11, 0.0, 0.063, 106324.75162893477
John Doe, 704, 120190, 1437190, 17, 0.0, 0.0, 0.0
John Doe, 438, 222197, 181003, 28, 1.0, 0.085, 16968.974544384077
John Doe, 524, 145508, 1807281, 23, 0.0, 0.0, 0.0
John Doe, 650, 182905, 674731, 3, 0.0, 0.055, 257721.400430988
John Doe, 436, 28815, 985068, 13, 0.0, 0.067, 117574.6070512333
John Doe, 742, 17824, 1933887, 13, 0.0, 0.0, 0.0
John Doe, 497, 129138, 1454952, 4, 0.0, 0.0, 0.0
John Doe, 603, 285401, 741089, 2, 0.0, 0.055, 489803.0487221442
John Doe, 846, 228228, 780753, 1, 0.0, 0.055, 1195412.9076534142
John Doe, 334, 298530, 1238, 15, 1.0, 0.067, 134.606491682922
John Doe, 558, 258158, 1766596, 23, 0.0, 0.0, 0.0
John Doe, 300, 197382, 661759, 24, 0.0, 0.08, 62103.7624752555
John Doe, 610, 88225, 666771, 3, 0.0, 0.055, 327144.6248520771
John Doe, 626, 102551, 117351, 15, 1.0, 0.067, 12544.942422976008
John Doe, 750, 176396, 1641645, 5, 0.0, 0.0, 0.0
John Doe, 736, 125773, 1622624, 4, 0.0, 0.0, 0.0
John Doe, 792, 251239, 825032, 18, 1.0, 0.08, 86988.25368940785
John Doe, 659, 101386, 1878439, 7, 0.0, 0.0, 0.0
John Doe, 310, 155559, 657290, 4, 0.0, 0.055, 190568.3112933557
John Doe, 427, 184272, 1717676, 4, 0.0, 0.0, 0.0
John Doe, 493, 296757, 377751, 9, 1.0, 0.063, 59756.79806213903
John Doe, 537, 149714, 8154, 10, 1.0, 0.063, 1114.5298496132787
John Doe, 343, 107008, 1683913, 10, 0.0, 0.0, 0.0
John Doe, 637, 176995, 1172589, 20, 0.0, 0.0, 0.0
John Doe, 560, 140719, 70542, 7, 1.0, 0.059, 12694.751997702922
John Doe, 588, 265097, 1599798, 17, 0.0, 0.0, 0.0
John Doe, 768, 251257, 1870874, 13, 0.0, 0.0, 0.0
John Doe, 818, 68345, 1533592, 17, 0.0, 0.0, 0.0
John Doe, 538, 93784, 1739533, 16, 0.0, 0.0, 0.0
John Doe, 625, 268783, 1465284, 11, 0.0, 0.0, 0.0
John Doe, 622, 148173, 541400, 21, 1.0, 0.08, 53634.75495021579
John Doe, 734, 276424, 1655814, 7, 0.0, 0.0, 0.0
John Doe, 808, 223784, 1235031, 13, 0.0, 0.0, 0.0
John Doe, 385, 237945, 50995, 26, 1.0, 0.085, 4895.225527723136
John Doe, 554, 176259, 1349792, 27, 0.0, 0.0, 0.0
John Doe, 580, 97884, 1749092, 22, 0.0, 0.0, 0.0
John Doe, 623, 92143, 1632499, 24, 0.0, 0.0, 0.0
John Doe, 521, 216874, 1398264, 6, 0.0, 0.0, 0.0
John Doe, 581, 88022, 56110, 23, 1.0, 0.08, 5377.018999367461
John Doe, 701, 170875, 850580, 1, 0.0, 0.055, 2581045.539343122
John Doe, 803, 161711, 1907300, 15, 0.0, 0.0, 0.0
John Doe, 585, 109923, 331267, 15, 1.0, 0.067, 35530.92589061591
John Doe, 781, 160093, 462952, 5, 0.0, 0.059, 111995.57429057575
John Doe, 322, 9581, 892284, 3, 0.0, 0.055, 323319.8405466832
John Doe, 367, 204216, 782856, 24, 0.0, 0.08, 74169.13655107241
John Doe, 670, 32446, 447719, 16, 0.0, 0.067, 47241.96018733277
John Doe, 319, 1608, 1435904, 17, 0.0, 0.0, 0.0
John Doe, 356, 98828, 18035, 28, 1.0, 0.085, 1702.268125732531
John Doe, 606, 69420, 182582, 18, 1.0, 0.08, 19590.822286738512
John Doe, 382, 27469, 1567823, 13, 0.0, 0.0, 0.0
John Doe, 533, 282301, 1493673, 26, 0.0, 0.0, 0.0
John Doe, 402, 220348, 978181, 9, 0.0, 0.063, 146758.65267885377
John Doe, 798, 15082, 1624162, 10, 0.0, 0.0, 0.0
John Doe, 518, 165554, 1064502, 13, 0.0, 0.0, 0.0
John Doe, 669, 292838, 205889, 16, 1.0, 0.067, 21453.152258400834
John Doe, 358, 293512, 1291649, 1, 0.0, 0.0, 0.0
John Doe, 695, 236947, 1990428, 8, 0.0, 0.0, 0.0
John Doe, 740, 133073, 1953038, 8, 0.0, 0.0, 0.0
John Doe, 685, 54120, 1576001, 26, 0.0, 0.0, 0.0
John Doe, 814, 52703, 413842, 5, 0.0, 0.059, 112272.8639066745
John Doe, 682, 281293, 394313, 17, 1.0, 0.067, 39663.288433416434
John Doe, 832, 180032, 1760804, 5, 0.0, 0.0, 0.0
John Doe, 825, 249603, 1713644, 1, 0.0, 0.0, 0.0
John Doe, 649, 150991, 1385150, 17, 0.0, 0.0, 0.0
John Doe, 625, 168886, 1326040, 17, 0.0, 0.0, 0.0
John Doe, 330, 142648, 27854, 14, 1.0, 0.067, 3116.962688283542
John Doe, 375, 265133, 1415326, 12, 0.0, 0.0, 0.0
John Doe, 718, 75347, 358715, 27, 0.0, 0.085, 33938.213787213426
John Doe, 703, 8759, 928944, 24, 0.0, 0.08, 88337.50457514478
John Doe, 470, 278021, 806720, 20, 0.0, 0.08, 81249.55175263647
John Doe, 365, 84381, 1774211, 0, 0.0, 0.0, 0.0
John Doe, 762, 282405, 1017380, 8, 0.0, 0.0, 0.0
John Doe, 675, 132848, 1095975, 3, 0.0, 0.0, 0.0
John Doe, 534, 148557, 1734848, 15, 0.0, 0.0, 0.0
John Doe, 842, 104634, 1629242, 9, 0.0, 0.0, 0.0
John Doe, 737, 115596, 188615, 30, 1.0, 0.085, 17512.974283856198
John Doe, 842, 138268, 112183, 14, 1.0, 0.067, 12746.065946191407
John Doe, 669, 72216, 1145666, 14, 0.0, 0.0, 0.0
John Doe, 634, 107563, 1540805, 3, 0.0, 0.0, 0.0
John Doe, 772, 244495, 1952510, 22, 0.0, 0.0, 0.0
John Doe, 654, 82927, 789172, 16, 0.0, 0.067, 80756.81400978292
John Doe, 750, 111177, 1264376, 10, 0.0, 0.0, 0.0
John Doe, 656, 42489, 44576, 12, 1.0, 0.063, 5598.264401935445
John Doe, 783, 175291, 211782, 2, 0.0, 0.055, 127212.61189024828
John Doe, 570, 42160, 1445684, 30, 0.0, 0.0, 0.0
John Doe, 300, 206223, 802119, 27, 0.0, 0.085, 76261.90755779255
John Doe, 593, 55789, 187155, 24, 1.0, 0.08, 17731.389618545378
John Doe, 700, 117561, 54044, 22, 1.0, 0.08, 5280.904620449362
John Doe, 639, 199212, 1684237, 12, 0.0, 0.0, 0.0
John Doe, 498, 76898, 217258, 22, 1.0, 0.08, 21292.421122338274
John Doe, 630, 29256, 1786538, 2, 0.0, 0.0, 0.0
John Doe, 648, 156838, 285443, 22, 1.0, 0.08, 27614.14080704584
John Doe, 666, 110673, 1696885, 19, 0.0, 0.0, 0.0
John Doe, 352, 198430, 1555098, 18, 0.0, 0.0, 0.0
John Doe, 543, 172545, 1487439, 11, 0.0, 0.0, 0.0
John Doe, 700, 74993, 1251058, 7, 0.0, 0.0, 0.0
John Doe, 849, 159333, 803911, 10, 0.0, 0.063, 112671.89132262366
John Doe, 301, 235458, 107422, 30, 1.0, 0.085, 9948.59458464968
John Doe, 512, 50325, 495919, 11, 0.0, 0.063, 63619.86776511931
John Doe, 831, 81011, 1481336, 23, 0.0, 0.0, 0.0
John Doe, 619, 81456, 87438, 24, 1.0, 0.08, 8304.499723715267
John Doe, 306, 59761, 1150835, 27, 0.0, 0.0, 0.0
John Doe, 831, 13281, 879735, 25, 0.0, 0.08, 82095.73251961108
John Doe, 677, 263509, 1815108, 12, 0.0, 0.0, 0.0
John Doe, 743, 33088, 1327679, 29, 0.0, 0.0, 0.0
John Doe, 518, 4476, 1727952, 9, 0.0, 0.0, 0.0
John Doe, 525, 243844, 1510280, 28, 0.0, 0.0, 0.0
John Doe, 638, 153167, 448613, 18, 1.0, 0.08, 47200.67004315802
John Doe, 584, 240800, 1982719, 19, 0.0, 0.0, 0.0
John Doe, 519, 110727, 828061, 3, 0.0, 0.055, 316287.58803476405
John Doe, 436, 22340, 98930, 6, 0.0, 0.059, 19618.678834307535
John Doe, 843, 88252, 846241, 8, 0.0, 0.059, 135171.69095234433
John Doe, 330, 66139, 1673437, 5, 0.0, 0.0, 0.0
John Doe, 809, 204106, 1403976, 17, 0.0, 0.0, 0.0
John Doe, 581, 267200, 345069, 28, 1.0, 0.085, 32470.17617992567
John Doe, 641, 109502, 622569, 5, 0.0, 0.059, 144084.9061521763
John Doe, 485, 100065, 1543390, 2, 0.0, 0.0, 0.0
John Doe, 691, 98147, 429354, 19, 0.0, 0.08, 44108.88187712582
John Doe, 429, 203936, 965027, 19, 0.0, 0.08, 100907.30181780425
John Doe, 473, 271872, 1366556, 23, 0.0, 0.0, 0.0
John Doe, 749, 293813, 1959166, 9, 0.0, 0.0, 0.0
John Doe, 801, 159682, 655840, 20, 0.0, 0.08, 66399.71338377499
John Doe, 610, 71819, 310598, 26, 0.0, 0.085, 29870.542203715187
John Doe, 793, 50001, 927637, 14, 0.0, 0.067, 104590.84960349239
John Doe, 548, 25848, 299926, 12, 0.0, 0.063, 35850.468859901885
John Doe, 589, 286940, 1871991, 22, 0.0, 0.0, 0.0
John Doe, 401, 184465, 412781, 4, 0.0, 0.055, 129922.11133357148
John Doe, 501, 31746, 919737, 22, 0.0, 0.08, 88976.59786174445
John Doe, 782, 101007, 1055557, 25, 0.0, 0.0, 0.0
John Doe, 507, 245246, 295985, 18, 1.0, 0.08, 31207.53894183423
John Doe, 600, 121053, 1600825, 7, 0.0, 0.0, 0.0
John Doe, 432, 239713, 1123083, 22, 0.0, 0.0, 0.0
John Doe, 555, 277389, 1111059, 28, 0.0, 0.0, 0.0
John Doe, 507, 77370, 251723, 8, 0.0, 0.059, 43564.958284602566
John Doe, 849, 238406, 1348611, 20, 0.0, 0.0, 0.0
John Doe, 344, 94475, 1075018, 27, 0.0, 0.0, 0.0
John Doe, 388, 19229, 1940501, 2, 0.0, 0.0, 0.0
John Doe, 796, 55865, 482988, 12, 0.0, 0.063, 57732.061420838116
John Doe, 767, 60915, 689877, 14, 0.0, 0.067, 76076.72777019841
John Doe, 545, 134997, 1439834, 16, 0.0, 0.0, 0.0
John Doe, 701, 79740, 1467063, 17, 0.0, 0.0, 0.0
John Doe, 753, 273146, 352930, 17, 1.0, 0.067, 35802.963525188155
John Doe, 435, 225083, 420714, 20, 1.0, 0.08, 42823.624370950136
John Doe, 367, 141788, 1733991, 19, 0.0, 0.0, 0.0
John Doe, 487, 26775, 1566410, 17, 0.0, 0.0, 0.0
John Doe, 517, 171607, 756189, 10, 0.0, 0.063, 109542.13734856325
John Doe, 735, 28427, 1372244, 1, 0.0, 0.0, 0.0
John Doe, 529, 266381, 656888, 20, 0.0, 0.08, 66623.76183677453
John Doe, 538, 36214, 598831, 21, 0.0, 0.08, 59514.01306832317
John Doe, 698, 200752, 838584, 16, 0.0, 0.067, 85562.67710187324
John Doe, 832, 58545, 288327, 26, 0.0, 0.085, 27806.925951069636
John Doe, 645, 57009, 638719, 20, 0.0, 0.08, 64110.01973129254
John Doe, 463, 93070, 1951282, 25, 0.0, 0.0, 0.0
John Doe, 784, 251079, 574345, 16, 1.0, 0.067, 58946.892276018465
John Doe, 604, 157356, 1282593, 27, 0.0, 0.0, 0.0
John Doe, 504, 184662, 1265731, 17, 0.0, 0.0, 0.0
John Doe, 804, 158616, 1353677, 20, 0.0, 0.0, 0.0
John Doe, 768, 155418, 893457, 23, 0.0, 0.08, 85069.8921407667
John Doe, 643, 7845, 476074, 21, 0.0, 0.08, 47163.11844877916
John Doe, 574, 16216, 979571, 13, 0.0, 0.067, 117950.62959078344
John Doe, 500, 83180, 1704472, 12, 0.0, 0.0, 0.0
John Doe, 633, 67419, 1381758, 11, 0.0, 0.0, 0.0
John Doe, 319, 216094, 231129, 21, 1.0, 0.08, 23083.050474798794
John Doe, 623, 151914, 871204, 3, 0.0, 0.055, 412539.4307662192
John Doe, 498, 268793, 298794, 20, 1.0, 0.08, 30041.795855924724
John Doe, 511, 224100, 594018, 10, 0.0, 0.063, 83793.15732872664
John Doe, 738, 99961, 1399334, 6, 0.0, 0.0, 0.0
John Doe, 700, 243237, 501234, 22, 1.0, 0.08, 48764.91676762332
John Doe, 567, 113516, 1698072, 2, 0.0, 0.0, 0.0
John Doe, 327, 274620, 1725293, 19, 0.0, 0.0, 0.0
John Doe, 502, 187449, 1190452, 11, 0.0, 0.0, 0.0
John Doe, 444, 234009, 1477268, 24, 0.0, 0.0, 0.0
John Doe, 330, 299997, 13311, 28, 1.0, 0.085, 1258.3599695919756
John Doe, 788, 110880, 778443, 18, 0.0, 0.08, 83337.64001146278
John Doe, 569, 72652, 646557, 1, 0.0, 0.055, 1128796.7120213336
John Doe, 597, 122624, 5326, 21, 1.0, 0.08, 524.3519159672899
John Doe, 718, 124747, 1094884, 1, 0.0, 0.0, 0.0
John Doe, 654, 67097, 1445750, 18, 0.0, 0.0, 0.0
John Doe, 318, 275116, 1269830, 21, 0.0, 0.0, 0.0
John Doe, 536, 126325, 806077, 15, 0.0, 0.067, 85328.70055121495
John Doe, 771, 201592, 29893, 8, 1.0, 0.059, 5125.015539049849
John Doe, 745, 165161, 690198, 11, 0.0, 0.063, 91572.03378087097
John Doe, 373, 199489, 1104495, 15, 0.0, 0.0, 0.0
John Doe, 492, 39747, 1648058, 8, 0.0, 0.0, 0.0
John Doe, 842, 212926, 443874, 21, 1.0, 0.08, 43903.871306470646
John Doe, 472, 70366, 1467004, 6, 0.0, 0.0, 0.0
John Doe, 766, 96596, 512849, 30, 0.0, 0.085, 47407.151033679635
John Doe, 313, 119260, 298829, 19, 0.0, 0.08, 31246.8232442332
John Doe, 612, 125617, 1386805, 26, 0.0, 0.0, 0.0
John Doe, 644, 288057, 168607, 22, 1.0, 0.08, 16380.2836588838
John Doe, 669, 84342, 1012241, 13, 0.0, 0.0, 0.0
John Doe, 736, 92141, 1931368, 26, 0.0, 0.0, 0.0
John Doe, 391, 34861, 1054087, 12, 0.0, 0.0, 0.0
John Doe, 366, 275735, 206370, 17, 1.0, 0.067, 20816.68132156071
John Doe, 459, 197319, 854354, 8, 0.0, 0.059, 146475.01173684123
John Doe, 583, 85203, 946809, 23, 0.0, 0.08, 90732.66764876326
John Doe, 489, 148712, 251393, 16, 1.0, 0.067, 26194.562631787812
John Doe, 372, 67366, 1659860, 26, 0.0, 0.0, 0.0
John Doe, 467, 97586, 530064, 8, 0.0, 0.059, 89217.24273901939
John Doe, 499, 91256, 785988, 19, 0.0, 0.08, 82186.22726739495
John Doe, 361, 178736, 357929, 24, 1.0, 0.08, 33590.38199556896
John Doe, 634, 6910, 129612, 25, 0.0, 0.08, 12042.639421923459
John Doe, 783, 95743, 72637, 13, 1.0, 0.067, 8452.705125670565
John Doe, 697, 43597, 601071, 4, 0.0, 0.055, 202388.93929201228
John Doe, 501, 57934, 575917, 15, 0.0, 0.067, 62618.874693500315
John Doe, 606, 266518, 1821895, 9, 0.0, 0.0, 0.0
John Doe, 718, 1291, 1908933, 27, 0.0, 0.0, 0.0
John Doe, 510, 248750, 644855, 23, 0.0, 0.08, 61960.44499978879
John Doe, 618, 66000, 1474772, 22, 0.0, 0.0, 0.0
John Doe, 669, 81380, 474052, 18, 0.0, 0.08, 50865.19200508794
John Doe, 637, 44197, 72795, 4, 0.0, 0.055, 23419.022221441915
John Doe, 695, 235740, 909198, 17, 0.0, 0.067, 91454.7136845231
John Doe, 495, 103978, 246657, 6, 0.0, 0.059, 50688.24904633689
John Doe, 548, 167880, 996583, 26, 0.0, 0.085, 96112.780575856
John Doe, 410, 185652, 846694, 22, 0.0, 0.08, 82493.4817531452
John Doe, 498, 216454, 1905320, 27, 0.0, 0.0, 0.0
John Doe, 638, 225538, 1685815, 18, 0.0, 0.0, 0.0
John Doe, 314, 204497, 663198, 24, 0.0, 0.08, 62909.81321562662
John Doe, 678, 265229, 1337209, 20, 0.0, 0.0, 0.0
John Doe, 813, 215958, 527572, 1, 0.0, 0.055, 1283635.750824178
John Doe, 688, 100306, 1687260, 7, 0.0, 0.0, 0.0
John Doe, 604, 45826, 1322666, 30, 0.0, 0.0, 0.0
John Doe, 361, 213948, 1116832, 19, 0.0, 0.0, 0.0
John Doe, 831, 224165, 1678593, 21, 0.0, 0.0, 0.0
John Doe, 845, 56146, 1031136, 6, 0.0, 0.0, 0.0
John Doe, 615, 9122, 1436347, 2, 0.0, 0.0, 0.0
John Doe, 826, 198228, 1879069, 26, 0.0, 0.0, 0.0
John Doe, 783, 140800, 1757595, 9, 0.0, 0.0, 0.0
John Doe, 462, 21713, 377234, 5, 0.0, 0.059, 87305.54442545335
John Doe, 342, 119940, 762880, 30, 0.0, 0.085, 70433.31481075709
John Doe, 733, 248265, 1055747, 1, 0.0, 0.0, 0.0
John Doe, 372, 34400, 1224852, 5, 0.0, 0.0, 0.0
John Doe, 821, 268318, 739871, 24, 1.0, 0.08, 70357.69416403673
John Doe, 457, 228746, 1216584, 2, 0.0, 0.0, 0.0
John Doe, 797, 66077, 1534891, 20, 0.0, 0.0, 0.0
John Doe, 350, 12882, 254297, 21, 0.0, 0.08, 25035.88418601839
John Doe, 432, 230842, 1246546, 14, 0.0, 0.0, 0.0
John Doe, 373, 13771, 818691, 26, 0.0, 0.085, 78447.37674073818
John Doe, 444, 203281, 994497, 29, 0.0, 0.085, 92773.40432998579
John Doe, 343, 208247, 1972456, 9, 0.0, 0.0, 0.0
John Doe, 639, 71365, 1704464, 3, 0.0, 0.0, 0.0
John Doe, 522, 266961, 1740626, 4, 0.0, 0.0, 0.0
John Doe, 331, 246622, 931963, 8, 0.0, 0.059, 154075.9645390451
John Doe, 418, 211038, 1955771, 19, 0.0, 0.0, 0.0
John Doe, 398, 136164, 1407260, 9, 0.0, 0.0, 0.0
John Doe, 412, 119496, 206107, 8, 1.0, 0.059, 32921.8647017987
John Doe, 737, 250345, 1220926, 11, 0.0, 0.0, 0.0
John Doe, 430, 51465, 519709, 26, 0.0, 0.085, 50121.94376213276
John Doe, 759, 246880, 1709921, 9, 0.0, 0.0, 0.0
John Doe, 300, 201180, 1473944, 2, 0.0, 0.0, 0.0
John Doe, 373, 8695, 966650, 3, 0.0, 0.055, 457735.7780154428
John Doe, 488, 113399, 1881866, 20, 0.0, 0.0, 0.0
John Doe, 750, 159927, 183140, 30, 1.0, 0.085, 16982.632317542437
John Doe, 807, 43914, 1265966, 11, 0.0, 0.0, 0.0
John Doe, 444, 69151, 558134, 3, 0.0, 0.055, 264292.0402698713
John Doe, 489, 184966, 1517602, 19, 0.0, 0.0, 0.0
John Doe, 422, 224564, 629007, 17, 0.0, 0.067, 63270.76730322858
John Doe, 466, 33491, 1834597, 9, 0.0, 0.0, 0.0
John Doe, 484, 247484, 1129502, 26, 0.0, 0.0, 0.0
John Doe, 847, 95061, 1950590, 4, 0.0, 0.0, 0.0
John Doe, 767, 269617, 1898175, 24, 0.0, 0.0, 0.0
John Doe, 593, 186143, 382180, 30, 1.0, 0.085, 35372.274150035926
John Doe, 336, 19237, 145214, 16, 0.0, 0.067, 14859.903784747326
John Doe, 428, 58819, 1831972, 16, 0.0, 0.0, 0.0
John Doe, 700, 151431, 1294321, 5, 0.0, 0.0, 0.0
John Doe, 444, 176546, 1749225, 25, 0.0, 0.0, 0.0
John Doe, 619, 228999, 1513108, 3, 0.0, 0.0, 0.0
John Doe, 523, 256966, 1460640, 27, 0.0, 0.0, 0.0
John Doe, 566, 101412, 1384939, 23, 0.0, 0.0, 0.0
John Doe, 745, 272415, 181334, 23, 1.0, 0.08, 17377.229784909985
John Doe, 525, 278606, 1506195, 22, 0.0, 0.0, 0.0
John Doe, 336, 3919, 1883519, 7, 0.0, 0.0, 0.0
John Doe, 327, 120408, 258188, 1, 0.0, 0.055, 317689.3574735313
John Doe, 449, 37362, 564630, 25, 0.0, 0.08, 52867.75008947615
John Doe, 633, 28401, 1838619, 1, 0.0, 0.0, 0.0
John Doe, 826, 117643, 388511, 27, 1.0, 0.085, 37000.251254717856
John Doe, 386, 79176, 673749, 30, 0.0, 0.085, 62397.420014644464
John Doe, 477, 148360, 1787105, 29, 0.0, 0.0, 0.0
John Doe, 328, 71714, 493132, 10, 0.0, 0.063, 70017.48537759425
John Doe, 310, 90466, 564122, 2, 0.0, 0.055, 414829.9521465589
John Doe, 619, 199340, 1151311, 2, 0.0, 0.0, 0.0
John Doe, 326, 36936, 1838381, 20, 0.0, 0.0, 0.0
John Doe, 412, 21967, 1336883, 3, 0.0, 0.0, 0.0
John Doe, 815, 274455, 148620, 26, 1.0, 0.085, 14240.841943063388
John Doe, 420, 7484, 1823545, 25, 0.0, 0.0, 0.0
John Doe, 457, 104169, 1902925, 7, 0.0, 0.0, 0.0
John Doe, 790, 84096, 1189282, 20, 0.0, 0.0, 0.0
John Doe, 686, 137383, 627874, 17, 0.0, 0.067, 63156.8007188272
John Doe, 761, 176424, 1851108, 1, 0.0, 0.0, 0.0
John Doe, 326, 178555, 1031896, 30, 0.0, 0.0, 0.0
John Doe, 332, 267451, 1820146, 2, 0.0, 0.0, 0.0
John Doe, 843, 215980, 964881, 4, 0.0, 0.055, 324888.8103618642
John Doe, 638, 92215, 1355421, 17, 0.0, 0.0, 0.0
John Doe, 524, 183033, 1996323, 23, 0.0, 0.0, 0.0
John Doe, 841, 135905, 358297, 8, 0.0, 0.059, 56293.30004401314
John Doe, 741, 191828, 1955301, 4, 0.0, 0.0, 0.0
John Doe, 570, 113078, 1170684, 19, 0.0, 0.0, 0.0
John Doe, 822, 52703, 629417, 19, 0.0, 0.08, 65418.06328077754
John Doe, 799, 282605, 780224, 9, 0.0, 0.063, 117913.91977432536
John Doe, 790, 42182, 1502159, 10, 0.0, 0.0, 0.0
John Doe, 791, 117205, 249770, 17, 1.0, 0.067, 25123.948619534287
John Doe, 564, 98231, 1358403, 30, 0.0, 0.0, 0.0
John Doe, 769, 161611, 1525376, 4, 0.0, 0.0, 0.0
John Doe, 696, 272924, 589176, 5, 0.0, 0.059, 142531.2008117996
John Doe, 549, 170269, 1279370, 22, 0.0, 0.0, 0.0
John Doe, 331, 141441, 706327, 29, 0.0, 0.085, 65801.03528018612
John Doe, 316, 106634, 1849116, 18, 0.0, 0.0, 0.0
John Doe, 608, 123996, 906061, 18, 0.0, 0.08, 96147.13494393129
John Doe, 319, 80502, 1967950, 5, 0.0, 0.0, 0.0
John Doe, 643, 259285, 311864, 8, 1.0, 0.059, 52491.10709190125
John Doe, 410, 18146, 276309, 12, 0.0, 0.063, 32873.44870265464
John Doe, 420, 48871, 1940380, 29, 0.0, 0.0, 0.0
John Doe, 673, 49315, 565766, 17, 0.0, 0.067, 56136.80785081818
John Doe, 684, 160171, 1470251, 30, 0.0, 0.0, 0.0
John Doe, 443, 4339, 457972, 20, 0.0, 0.08, 46366.81132256983
John Doe, 519, 8986, 1899481, 20, 0.0, 0.0, 0.0
John Doe, 820, 268717, 1459437, 22, 0.0, 0.0, 0.0
John Doe, 516, 282542, 341031, 4, 0.0, 0.055, 95174.14803866274
John Doe, 498, 18742, 860365, 3, 0.0, 0.055, 393737.0197838502
John Doe, 479, 91548, 1062251, 7, 0.0, 0.0, 0.0
John Doe, 626, 263167, 154221, 25, 1.0, 0.08, 14329.135375493457
John Doe, 801, 149646, 798370, 20, 0.0, 0.08, 81561.62660686982
John Doe, 327, 147726, 1030371, 8, 0.0, 0.0, 0.0
John Doe, 521, 54696, 84349, 10, 1.0, 0.063, 11898.40884875671
John Doe, 641, 22996, 615379, 16, 0.0, 0.067, 64932.93833435849
John Doe, 415, 136599, 417314, 4, 0.0, 0.055, 137306.68331019013
John Doe, 369, 264746, 682936, 6, 0.0, 0.059, 140344.00017315196
John Doe, 325, 127783, 1391840, 22, 0.0, 0.0, 0.0
John Doe, 475, 29200, 1785706, 28, 0.0, 0.0, 0.0
John Doe, 317, 206149, 294385, 26, 1.0, 0.085, 28157.870514869137
John Doe, 441, 184831, 545829, 16, 1.0, 0.067, 57410.98016506287
John Doe, 647, 46354, 1097019, 6, 0.0, 0.0, 0.0
John Doe, 455, 225130, 129505, 8, 1.0, 0.059, 20346.985384192223
John Doe, 740, 147949, 1293542, 22, 0.0, 0.0, 0.0
John Doe, 727, 222661, 1773898, 16, 0.0, 0.0, 0.0
John Doe, 613, 281399, 1856533, 2, 0.0, 0.0, 0.0
John Doe, 363, 149522, 1273992, 12, 0.0, 0.0, 0.0
John Doe, 842, 212706, 1888576, 3, 0.0, 0.0, 0.0
John Doe, 680, 180550, 1809491, 23, 0.0, 0.0, 0.0
John Doe, 825, 230560, 1765726, 27, 0.0, 0.0, 0.0
John Doe, 326, 207313, 227316, 29, 1.0, 0.085, 21162.34545995531
John Doe, 638, 67236, 40602, 21, 1.0, 0.08, 4048.2971909510425
John Doe, 534, 68686, 817619, 16, 0.0, 0.067, 85726.94485772103
John Doe, 344, 275198, 744467, 23, 0.0, 0.08, 70973.89694027018
John Doe, 692, 119810, 248087, 19, 1.0, 0.08, 25438.88196253261
John Doe, 497, 109236, 1504387, 28, 0.0, 0.0, 0.0
John Doe, 639, 289210, 263936, 12, 1.0, 0.063, 32807.95151851954
John Doe, 405, 71593, 1918564, 3, 0.0, 0.0, 0.0
John Doe, 796, 264070, 1224501, 25, 0.0, 0.0, 0.0
John Doe, 507, 171525, 1599829, 12, 0.0, 0.0, 0.0
John Doe, 328, 298025, 1830539, 8, 0.0, 0.0, 0.0
John Doe, 487, 37010, 1237166, 23, 0.0, 0.0, 0.0
John Doe, 541, 82706, 1391867, 24, 0.0, 0.0, 0.0
John Doe, 613, 114527, 814980, 28, 0.0, 0.085, 76687.68907991106
John Doe, 681, 193676, 679031, 27, 1.0, 0.085, 64723.43651602013
John Doe, 327, 11994, 1990407, 0, 0.0, 0.0, 0.0
John Doe, 309, 19867, 1375518, 16, 0.0, 0.0, 0.0
John Doe, 455, 252954, 624584, 27, 1.0, 0.085, 59092.21894839332
John Doe, 739, 71225, 72288, 28, 1.0, 0.085, 6802.12970650643
John Doe, 643, 128962, 2862, 24, 1.0, 0.08, 272.16058028693266
John Doe, 477, 16768, 891835, 10, 0.0, 0.063, 128321.12362758713
John Doe, 707, 87925, 613188, 26, 0.0, 0.085, 58703.416562325336
John Doe, 362, 20735, 555774, 20, 0.0, 0.08, 56883.01930607777
John Doe, 565, 194048, 77223, 29, 1.0, 0.085, 7179.611886493305
John Doe, 708, 80911, 1973265, 20, 0.0, 0.0, 0.0
John Doe, 567, 219185, 1384444, 6, 0.0, 0.0, 0.0
John Doe, 530, 244803, 276242, 3, 0.0, 0.055, 111609.82520646996
John Doe, 701, 194091, 748912, 1, 0.0, 0.055, 839633.4953661393
John Doe, 614, 27011, 303951, 17, 0.0, 0.067, 30078.507925841754
John Doe, 331, 293632, 1818312, 13, 0.0, 0.0, 0.0
John Doe, 777, 17538, 1580070, 1, 0.0, 0.0, 0.0
John Doe, 499, 73818, 586209, 28, 0.0, 0.085, 54997.01065033718
John Doe, 719, 74681, 160796, 5, 0.0, 0.059, 43622.99482589401
John Doe, 769, 106020, 5459, 11, 1.0, 0.063, 704.1486779625513
John Doe, 825, 8444, 785491, 26, 0.0, 0.085, 75402.60015681485
John Doe, 353, 289453, 1131759, 24, 0.0, 0.0, 0.0
John Doe, 373, 278037, 550457, 18, 1.0, 0.08, 58161.38798314182
John Doe, 690, 205501, 643194, 8, 0.0, 0.059, 106335.48320665795
John Doe, 538, 248867, 962363, 12, 0.0, 0.063, 115576.72996616858
John Doe, 632, 234369, 1130192, 6, 0.0, 0.0, 0.0
John Doe, 437, 55668, 416006, 23, 0.0, 0.08, 40134.10829817414
John Doe, 398, 77596, 1819906, 4, 0.0, 0.0, 0.0
John Doe, 306, 126019, 1680133, 14, 0.0, 0.0, 0.0
John Doe, 453, 149871, 1922882, 26, 0.0, 0.0, 0.0
John Doe, 410, 85781, 1257660, 21, 0.0, 0.0, 0.0
John Doe, 707, 165214, 945007, 13, 0.0, 0.067, 110884.57703071667
John Doe, 463, 149974, 999075, 26, 0.0, 0.085, 96445.07783296276
John Doe, 364, 279810, 814730, 28, 0.0, 0.085, 77020.78116036889
John Doe, 327, 30873, 170228, 22, 0.0, 0.08, 16537.764901127895
John Doe, 470, 164523, 1098977, 19, 0.0, 0.0, 0.0
John Doe, 431, 52698, 1481836, 5, 0.0, 0.0, 0.0
John Doe, 461, 201443, 1829157, 27, 0.0, 0.0, 0.0
John Doe, 785, 258883, 1145579, 17, 0.0, 0.0, 0.0
John Doe, 506, 281743, 1283201, 5, 0.0, 0.0, 0.0
John Doe, 349, 244780, 1691785, 4, 0.0, 0.0, 0.0
John Doe, 431, 266823, 1566345, 3, 0.0, 0.0, 0.0
John Doe, 392, 233566, 1521678, 3, 0.0, 0.0, 0.0
John Doe, 782, 165387, 941833, 22, 0.0, 0.08, 92304.56352776525
John Doe, 777, 275424, 1521613, 8, 0.0, 0.0, 0.0
John Doe, 633, 118984, 1866075, 18, 0.0, 0.0, 0.0
John Doe, 529, 255707, 1680419, 13, 0.0, 0.0, 0.0
John Doe, 650, 34978, 708033, 28, 0.0, 0.085, 66377.87193352534
John Doe, 470, 14187, 1760078, 10, 0.0, 0.0, 0.0
John Doe, 590, 5285, 650342, 13, 0.0, 0.067, 75679.73838180055
John Doe, 379, 48808, 1504688, 10, 0.0, 0.0, 0.0
John Doe, 618, 211978, 1594478, 19, 0.0, 0.0, 0.0
John Doe, 525, 299003, 1556741, 17, 0.0, 0.0, 0.0
John Doe, 717, 96507, 1682264, 4, 0.0, 0.0, 0.0
John Doe, 643, 98011, 700800, 21, 0.0, 0.08, 70105.58220615603
John Doe, 500, 21415, 1803135, 28, 0.0, 0.0, 0.0
John Doe, 762, 74273, 1884016, 15, 0.0, 0.0, 0.0
John Doe, 323, 234654, 1026628, 19, 0.0, 0.0, 0.0
John Doe, 330, 169285, 1875659, 4, 0.0, 0.0, 0.0
John Doe, 432, 173656, 1971872, 13, 0.0, 0.0, 0.0
John Doe, 779, 175090, 722761, 5, 0.0, 0.059, 180359.5351356592
John Doe, 800, 174906, 733726, 27, 0.0, 0.085, 69877.162685533
John Doe, 576, 257302, 1228672, 22, 0.0, 0.0, 0.0
John Doe, 795, 154789, 5535, 21, 1.0, 0.08, 545.7674281729016
John Doe, 717, 99131, 512157, 24, 0.0, 0.08, 48463.50126729365
John Doe, 586, 157736, 691992, 23, 0.0, 0.08, 66140.79360545844
John Doe, 435, 34927, 1876681, 30, 0.0, 0.0, 0.0
John Doe, 329, 51235, 1656731, 8, 0.0, 0.0, 0.0
John Doe, 353, 46330, 406503, 14, 0.0, 0.067, 46366.395195667734
John Doe, 735, 245982, 1706257, 23, 0.0, 0.0, 0.0
John Doe, 376, 4873, 1175864, 24, 0.0, 0.0, 0.0
John Doe, 343, 109556, 726596, 1, 0.0, 0.055, 1476592.4545421978
John Doe, 396, 198124, 1071067, 4, 0.0, 0.0, 0.0
John Doe, 328, 288490, 657269, 2, 0.0, 0.055, 377709.2348105705
John Doe, 311, 84871, 1937747, 11, 0.0, 0.0, 0.0
John Doe, 708, 285774, 1148451, 2, 0.0, 0.0, 0.0
John Doe, 347, 52915, 126060, 12, 1.0, 0.063, 15512.343612984045
John Doe, 767, 126932, 84469, 27, 1.0, 0.085, 8051.361365050643
John Doe, 491, 191547, 157205, 12, 1.0, 0.063, 18970.080534380708
John Doe, 463, 70104, 297283, 11, 0.0, 0.063, 39906.66081395865
John Doe, 332, 32316, 1912247, 17, 0.0, 0.0, 0.0
John Doe, 404, 145506, 1707824, 4, 0.0, 0.0, 0.0
John Doe, 795, 125245, 778502, 24, 0.0, 0.08, 73229.24183778124
John Doe, 616, 82676, 635590, 30, 0.0, 0.085, 58753.18295540489
John Doe, 519, 23834, 3673, 16, 1.0, 0.067, 375.862014691262
John Doe, 618, 74471, 265851, 22, 1.0, 0.08, 25864.570016378435
John Doe, 690, 298148, 121137, 23, 1.0, 0.08, 11608.55374311845
John Doe, 718, 223574, 1261216, 25, 0.0, 0.0, 0.0
John Doe, 471, 229850, 832444, 13, 0.0, 0.067, 98928.65208424226
John Doe, 616, 197793, 595806, 3, 0.0, 0.055, 227575.07318499556
John Doe, 400, 191321, 870470, 9, 0.0, 0.063, 136622.38775771463
John Doe, 534, 26478, 65345, 28, 1.0, 0.085, 6167.713372663834
John Doe, 301, 250065, 1917431, 22, 0.0, 0.0, 0.0
John Doe, 470, 82703, 1118319, 12, 0.0, 0.0, 0.0
John Doe, 816, 72700, 1008786, 12, 0.0, 0.0, 0.0
John Doe, 432, 209216, 1038938, 15, 0.0, 0.0, 0.0
John Doe, 591, 235034, 503243, 14, 1.0, 0.067, 56740.52773553699
John Doe, 582, 144522, 812601, 2, 0.0, 0.055, 429986.0914770913
John Doe, 786, 157525, 1720691, 22, 0.0, 0.0, 0.0
John Doe, 491, 36716, 1783465, 3, 0.0, 0.0, 0.0
John Doe, 384, 211998, 1917753, 1, 0.0, 0.0, 0.0
John Doe, 831, 283893, 379679, 29, 1.0, 0.085, 35370.687053087
John Doe, 696, 245391, 1152399, 4, 0.0, 0.0, 0.0
John Doe, 782, 112124, 1486833, 14, 0.0, 0.0, 0.0
John Doe, 430, 901, 1645915, 5, 0.0, 0.0, 0.0
John Doe, 356, 85363, 1589918, 28, 0.0, 0.0, 0.0
John Doe, 492, 123841, 937703, 11, 0.0, 0.063, 123695.30951117397
John Doe, 490, 290277, 1518042, 3, 0.0, 0.0, 0.0
John Doe, 410, 8326, 994578, 29, 0.0, 0.085, 93040.70616539734
John Doe, 598, 46283, 1797453, 10, 0.0, 0.0, 0.0
John Doe, 555, 187290, 624109, 7, 0.0, 0.059, 115834.87960861402
John Doe, 796, 164283, 1374134, 16, 0.0, 0.0, 0.0
John Doe, 583, 110012, 1287430, 30, 0.0, 0.0, 0.0
John Doe, 752, 113062, 1277954, 22, 0.0, 0.0, 0.0
John Doe, 331, 82116, 1540817, 12, 0.0, 0.0, 0.0
John Doe, 461, 210598, 1980599, 8, 0.0, 0.0, 0.0
John Doe, 502, 8700, 1781192, 13, 0.0, 0.0, 0.0
John Doe, 487, 38081, 1407489, 11, 0.0, 0.0, 0.0
John Doe, 642, 53862, 245950, 10, 0.0, 0.063, 35152.658304208824
John Doe, 476, 290792, 301470, 22, 1.0, 0.08, 29414.977985901023
John Doe, 462, 83266, 1933592, 16, 0.0, 0.0, 0.0
John Doe, 693, 234883, 1749073, 24, 0.0, 0.0, 0.0
John Doe, 536, 140774, 473607, 7, 0.0, 0.059, 85230.407549773
John Doe, 418, 299138, 1857938, 12, 0.0, 0.0, 0.0
John Doe, 806, 27386, 1280651, 21, 0.0, 0.0, 0.0
John Doe, 401, 201779, 1849816, 27, 0.0, 0.0, 0.0
John Doe, 576, 29272, 1472060, 12, 0.0, 0.0, 0.0
John Doe, 786, 114160, 1084363, 7, 0.0, 0.0, 0.0
John Doe, 733, 111480, 1995221, 12, 0.0, 0.0, 0.0
John Doe, 592, 204580, 975430, 4, 0.0, 0.055, 336336.69748982874
John Doe, 681, 261473, 1782567, 29, 0.0, 0.0, 0.0
John Doe, 494, 259481, 1468164, 8, 0.0, 0.0, 0.0
John Doe, 461, 290206, 200709, 3, 0.0, 0.055, 98475.89428669744
John Doe, 391, 157927, 120152, 18, 1.0, 0.08, 12615.421114153265
John Doe, 705, 162514, 854027, 28, 0.0, 0.085, 80182.1058669766
John Doe, 815, 104576, 125138, 1, 0.0, 0.055, 153976.988920952
John Doe, 728, 119508, 303326, 20, 1.0, 0.08, 30549.75894352465
John Doe, 577, 121514, 1428991, 19, 0.0, 0.0, 0.0
John Doe, 331, 36200, 421868, 8, 0.0, 0.059, 69135.39035055846
John Doe, 706, 139482, 854333, 16, 0.0, 0.067, 88745.93277589802
John Doe, 320, 242031, 1983217, 20, 0.0, 0.0, 0.0
John Doe, 662, 232511, 655534, 15, 1.0, 0.067, 72031.20156494752
John Doe, 751, 161360, 1300287, 29, 0.0, 0.0, 0.0
John Doe, 824, 139025, 1796677, 5, 0.0, 0.0, 0.0
John Doe, 711, 47666, 49206, 5, 1.0, 0.059, 11903.72701390656
John Doe, 635, 28573, 452365, 6, 0.0, 0.059, 103217.61938591025
John Doe, 732, 8339, 1145144, 21, 0.0, 0.0, 0.0
John Doe, 422, 191835, 589165, 29, 1.0, 0.085, 54999.27525634688
John Doe, 680, 17074, 1113914, 4, 0.0, 0.0, 0.0
John Doe, 640, 177073, 152479, 5, 1.0, 0.059, 39963.01756691917
John Doe, 525, 85165, 840537, 20, 0.0, 0.08, 86028.28199676971
John Doe, 765, 207160, 1361440, 13, 0.0, 0.0, 0.0
John Doe, 351, 210219, 1985411, 19, 0.0, 0.0, 0.0
John Doe, 562, 115533, 1248915, 29, 0.0, 0.0, 0.0
John Doe, 816, 116210, 1445260, 29, 0.0, 0.0, 0.0
John Doe, 371, 28466, 64243, 25, 1.0, 0.08, 6015.236294561422
John Doe, 824, 169271, 798544, 4, 0.0, 0.055, 231522.13113456982
John Doe, 545, 225721, 1016138, 26, 0.0, 0.0, 0.0
John Doe, 443, 252529, 106087, 30, 1.0, 0.085, 9831.193682541314
John Doe, 494, 276803, 1449211, 26, 0.0, 0.0, 0.0
John Doe, 788, 65711, 1223513, 24, 0.0, 0.0, 0.0
John Doe, 471, 209491, 1640556, 7, 0.0, 0.0, 0.0
John Doe, 748, 212608, 2983, 21, 1.0, 0.08, 294.5893400419822
John Doe, 321, 119122, 537159, 4, 0.0, 0.055, 155738.68996337638
John Doe, 698, 134995, 591256, 7, 0.0, 0.059, 104314.95995793927
John Doe, 784, 208151, 838856, 18, 0.0, 0.08, 89209.78803803562
John Doe, 308, 254837, 237093, 2, 0.0, 0.055, 136248.95683341613
John Doe, 358, 6984, 1616994, 12, 0.0, 0.0, 0.0
John Doe, 812, 108891, 464606, 2, 0.0, 0.055, 307068.96911788
John Doe, 567, 9025, 241697, 1, 0.0, 0.055, 2913657.334999945
John Doe, 534, 188850, 605512, 30, 1.0, 0.085, 56222.0188456185
John Doe, 482, 59570, 710024, 5, 0.0, 0.059, 196094.4116668385
John Doe, 795, 175384, 1061198, 1, 0.0, 0.0, 0.0
John Doe, 712, 12844, 1806604, 7, 0.0, 0.0, 0.0
John Doe, 424, 41693, 1427605, 11, 0.0, 0.0, 0.0
John Doe, 394, 271388, 1014500, 19, 0.0, 0.0, 0.0
John Doe, 336, 269006, 998489, 24, 0.0, 0.08, 93704.69263002902
John Doe, 669, 93704, 197758, 26, 1.0, 0.085, 19090.44436312694
John Doe, 572, 6851, 1995780, 14, 0.0, 0.0, 0.0
John Doe, 577, 109779, 1112788, 30, 0.0, 0.0, 0.0
John Doe, 316, 220541, 1083271, 3, 0.0, 0.0, 0.0
John Doe, 593, 269565, 431688, 9, 1.0, 0.063, 65722.94058667452
John Doe, 466, 119264, 819375, 9, 0.0, 0.063, 119510.58057438396
John Doe, 394, 130118, 678665, 6, 0.0, 0.059, 136165.92608926562
John Doe, 844, 274222, 1307464, 2, 0.0, 0.0, 0.0
John Doe, 660, 215613, 1136697, 1, 0.0, 0.0, 0.0
John Doe, 749, 17737, 613495, 28, 0.0, 0.085, 57951.236260428515
John Doe, 529, 277480, 64812, 17, 1.0, 0.067, 6465.63937159858
John Doe, 380, 212877, 1838954, 6, 0.0, 0.0, 0.0
John Doe, 315, 95307, 510204, 25, 0.0, 0.08, 47404.582936942854
John Doe, 451, 77546, 955348, 14, 0.0, 0.067, 108127.49212327618
John Doe, 453, 62658, 480628, 20, 0.0, 0.08, 49011.13662488641
John Doe, 325, 16950, 1610682, 25, 0.0, 0.0, 0.0
John Doe, 427, 154505, 481988, 9, 0.0, 0.063, 75649.19116174636
John Doe, 849, 220522, 1688828, 12, 0.0, 0.0, 0.0
John Doe, 817, 297501, 488118, 5, 0.0, 0.059, 132423.49926879857
John Doe, 546, 21850, 113154, 6, 0.0, 0.059, 25461.528014630014
John Doe, 638, 222825, 702655, 17, 1.0, 0.067, 71077.90594803661
John Doe, 624, 137575, 503795, 15, 0.0, 0.067, 54588.349935926446
John Doe, 676, 149923, 248617, 21, 1.0, 0.08, 24708.465972882666
John Doe, 697, 129828, 1184979, 29, 0.0, 0.0, 0.0
John Doe, 740, 93244, 1775490, 26, 0.0, 0.0, 0.0
John Doe, 780, 189349, 649713, 20, 1.0, 0.08, 65324.421879088666
John Doe, 680, 32261, 1345768, 1, 0.0, 0.0, 0.0
John Doe, 637, 77382, 1973016, 4, 0.0, 0.0, 0.0
John Doe, 798, 105893, 636171, 1, 0.0, 0.055, 1930431.3783647078
John Doe, 461, 284587, 1464004, 23, 0.0, 0.0, 0.0
John Doe, 485, 268293, 1090175, 3, 0.0, 0.0, 0.0
John Doe, 758, 57133, 1798142, 7, 0.0, 0.0, 0.0
John Doe, 600, 245167, 158638, 10, 1.0, 0.063, 22233.858593349727
John Doe, 380, 272829, 1303672, 10, 0.0, 0.0, 0.0
John Doe, 746, 193813, 1978796, 17, 0.0, 0.0, 0.0
John Doe, 800, 44214, 414628, 15, 0.0, 0.067, 45398.70617040836
John Doe, 720, 170430, 1926783, 26, 0.0, 0.0, 0.0
John Doe, 475, 28154, 1564478, 27, 0.0, 0.0, 0.0
John Doe, 337, 133518, 1437164, 18, 0.0, 0.0, 0.0
John Doe, 644, 281390, 1090538, 3, 0.0, 0.0, 0.0
John Doe, 504, 140012, 1660395, 22, 0.0, 0.0, 0.0
John Doe, 329, 243980, 1755117, 21, 0.0, 0.0, 0.0
John Doe, 840, 62835, 115144, 26, 1.0, 0.085, 11003.805171851824
John Doe, 529, 134457, 1063554, 3, 0.0, 0.0, 0.0
John Doe, 833, 55638, 1020171, 3, 0.0, 0.0, 0.0
John Doe, 729, 105306, 1064580, 29, 0.0, 0.0, 0.0
John Doe, 501, 107385, 836985, 22, 0.0, 0.08, 81906.8286689845
John Doe, 457, 139936, 241039, 24, 1.0, 0.08, 22921.4934003431
John Doe, 807, 150046, 1440409, 17, 0.0, 0.0, 0.0
John Doe, 338, 54283, 1519070, 25, 0.0, 0.0, 0.0
John Doe, 382, 54945, 824022, 24, 0.0, 0.08, 77879.82416161506
John Doe, 842, 130612, 515145, 20, 0.0, 0.08, 52724.67402294716
John Doe, 319, 264285, 1249329, 26, 0.0, 0.0, 0.0
John Doe, 539, 17658, 1670552, 3, 0.0, 0.0, 0.0
John Doe, 547, 155039, 1013448, 14, 0.0, 0.0, 0.0
John Doe, 610, 141215, 753196, 20, 0.0, 0.08, 76805.74594346968
John Doe, 513, 113038, 635804, 6, 0.0, 0.059, 143066.4524260196
John Doe, 841, 220379, 1792219, 20, 0.0, 0.0, 0.0
John Doe, 635, 259751, 189156, 8, 1.0, 0.059, 30470.02441354006
John Doe, 737, 266325, 400551, 18, 1.0, 0.08, 42691.1141647793
John Doe, 818, 16282, 7596, 17, 1.0, 0.067, 749.7025658421194
John Doe, 703, 68549, 1776853, 19, 0.0, 0.0, 0.0
John Doe, 511, 115846, 220742, 26, 1.0, 0.085, 21248.775443139537
John Doe, 589, 65557, 1697582, 23, 0.0, 0.0, 0.0
John Doe, 808, 183725, 1960048, 8, 0.0, 0.0, 0.0
John Doe, 767, 46914, 1342273, 20, 0.0, 0.0, 0.0
John Doe, 553, 253002, 1974326, 9, 0.0, 0.0, 0.0
John Doe, 624, 87142, 764384, 28, 0.0, 0.085, 71818.9743185339
John Doe, 744, 74683, 1435470, 4, 0.0, 0.0, 0.0
John Doe, 374, 141223, 743756, 27, 0.0, 0.085, 71015.39972420924
John Doe, 514, 25694, 1413920, 5, 0.0, 0.0, 0.0
John Doe, 645, 110223, 1246253, 15, 0.0, 0.0, 0.0
John Doe, 779, 120390, 702333, 15, 0.0, 0.067, 77173.5560454748
John Doe, 654, 64050, 976530, 4, 0.0, 0.055, 288779.2561190351
John Doe, 615, 157255, 54670, 17, 1.0, 0.067, 5453.87435112779
John Doe, 834, 188522, 839960, 7, 0.0, 0.059, 157559.16584101584
John Doe, 702, 188266, 1519662, 8, 0.0, 0.0, 0.0
John Doe, 635, 134052, 1422129, 14, 0.0, 0.0, 0.0
John Doe, 634, 203614, 1259362, 10, 0.0, 0.0, 0.0
John Doe, 642, 113458, 835260, 1, 0.0, 0.055, 936441.4955822867
John Doe, 368, 188217, 275905, 19, 1.0, 0.08, 28619.309988696026
John Doe, 646, 133160, 50613, 2, 1.0, 0.055, 33451.31516588951
John Doe, 603, 1431, 1887160, 29, 0.0, 0.0, 0.0
John Doe, 493, 103390, 1808066, 18, 0.0, 0.0, 0.0
John Doe, 493, 69817, 1002814, 28, 0.0, 0.0, 0.0
John Doe, 550, 143829, 636356, 26, 0.0, 0.085, 61313.598566210225
John Doe, 814, 290619, 1508634, 21, 0.0, 0.0, 0.0
John Doe, 310, 67352, 791149, 26, 0.0, 0.085, 76300.24818786583
John Doe, 466, 36049, 1963782, 25, 0.0, 0.0, 0.0
John Doe, 723, 49225, 978303, 18, 0.0, 0.08, 105210.04125443568
John Doe, 519, 204656, 793703, 20, 0.0, 0.08, 80643.96515375335
John Doe, 521, 86475, 625180, 27, 0.0, 0.085, 59489.2832246215
John Doe, 772, 4273, 2326, 21, 1.0, 0.08, 230.06620045069258
John Doe, 802, 63143, 1836316, 1, 0.0, 0.0, 0.0
John Doe, 701, 103652, 759193, 3, 0.0, 0.055, 372490.5689889377
John Doe, 334, 104232, 757391, 22, 0.0, 0.08, 74339.82432432742
John Doe, 640, 78197, 1010300, 16, 0.0, 0.0, 0.0
John Doe, 679, 243432, 203405, 27, 1.0, 0.085, 19306.763069642613
John Doe, 735, 84785, 1330308, 21, 0.0, 0.0, 0.0
John Doe, 377, 217718, 507087, 3, 0.0, 0.055, 258169.6655004451
John Doe, 572, 255853, 736721, 24, 0.0, 0.08, 69462.50780503007
John Doe, 408, 132845, 629375, 30, 0.0, 0.085, 58287.8434279188
John Doe, 564, 142525, 1125363, 26, 0.0, 0.0, 0.0
John Doe, 567, 16391, 756672, 11, 0.0, 0.063, 100391.47309183625
John Doe, 607, 87931, 1706912, 8, 0.0, 0.0, 0.0
John Doe, 847, 264517, 594593, 14, 1.0, 0.067, 66537.09326181433
John Doe, 415, 66984, 515736, 1, 0.0, 0.055, 2081883.144659779
John Doe, 828, 221999, 153836, 15, 1.0, 0.067, 16555.631534027107
John Doe, 723, 18323, 1258006, 11, 0.0, 0.0, 0.0
John Doe, 774, 165629, 403312, 5, 0.0, 0.059, 103952.80820039945
John Doe, 711, 262752, 843034, 21, 1.0, 0.08, 82997.83949034328
John Doe, 580, 243892, 1224986, 24, 0.0, 0.0, 0.0
John Doe, 731, 284303, 620700, 22, 1.0, 0.08, 60831.84872656181
John Doe, 305, 292343, 724160, 27, 0.0, 0.085, 68907.76950628925
John Doe, 485, 142782, 193101, 12, 1.0, 0.063, 23528.430733876885
John Doe, 445, 177467, 301954, 21, 1.0, 0.08, 30156.403666642418
John Doe, 822, 27539, 1588432, 24, 0.0, 0.0, 0.0
John Doe, 696, 31742, 1751135, 2, 0.0, 0.0, 0.0
John Doe, 826, 202151, 331512, 4, 0.0, 0.055, 104342.83305775933
John Doe, 734, 40227, 853474, 19, 0.0, 0.08, 88529.88156536617
John Doe, 780, 68944, 1614020, 11, 0.0, 0.0, 0.0
John Doe, 406, 212238, 991625, 20, 0.0, 0.08, 100395.85231792185
John Doe, 551, 104955, 297833, 28, 1.0, 0.085, 27942.12417929761
John Doe, 579, 259716, 689881, 25, 0.0, 0.08, 64307.90060201181
John Doe, 589, 130401, 160127, 13, 1.0, 0.067, 19196.006795977228
John Doe, 661, 172836, 1908703, 26, 0.0, 0.0, 0.0
John Doe, 780, 24128, 1735959, 18, 0.0, 0.0, 0.0
John Doe, 493, 588, 1573925, 8, 0.0, 0.0, 0.0
John Doe, 740, 144462, 803715, 18, 0.0, 0.08, 86434.25227849529
John Doe, 739, 153617, 1053115, 24, 0.0, 0.0, 0.0
John Doe, 726, 258666, 1305451, 23, 0.0, 0.0, 0.0
John Doe, 741, 144094, 1022542, 1, 0.0, 0.0, 0.0
John Doe, 707, 279366, 956015, 27, 1.0, 0.085, 91203.23245853031
John Doe, 340, 84978, 916114, 17, 0.0, 0.067, 92409.03809768992
John Doe, 753, 115503, 473859, 11, 0.0, 0.063, 63609.86126566818
John Doe, 678, 12521, 523907, 9, 0.0, 0.063, 78039.88001919673
John Doe, 459, 21099, 108350, 14, 0.0, 0.067, 12170.295168086534
John Doe, 611, 171388, 1517481, 26, 0.0, 0.0, 0.0
John Doe, 778, 184221, 632587, 12, 0.0, 0.063, 77077.6920505382
John Doe, 514, 263395, 21004, 1, 1.0, 0.055, 25844.529042302704
John Doe, 500, 296651, 250467, 1, 0.0, 0.055, 437279.81611806445
John Doe, 763, 286838, 1713776, 25, 0.0, 0.0, 0.0
John Doe, 848, 151807, 1808957, 2, 0.0, 0.0, 0.0
John Doe, 587, 263734, 1327441, 8, 0.0, 0.0, 0.0
John Doe, 529, 93277, 531895, 6, 0.0, 0.059, 110655.86290132742
John Doe, 567, 123666, 1370069, 9, 0.0, 0.0, 0.0
John Doe, 702, 101857, 264690, 18, 1.0, 0.08, 27791.262856258974
John Doe, 645, 293215, 1143158, 29, 0.0, 0.0, 0.0
John Doe, 455, 127278, 348124, 26, 1.0, 0.085, 33268.678104336694
John Doe, 827, 164059, 1884112, 29, 0.0, 0.0, 0.0
John Doe, 514, 117898, 1976095, 24, 0.0, 0.0, 0.0
John Doe, 840, 116802, 1527164, 21, 0.0, 0.0, 0.0
John Doe, 366, 142670, 832292, 30, 0.0, 0.085, 76936.08166950368
John Doe, 812, 274318, 1085092, 13, 0.0, 0.0, 0.0
John Doe, 341, 163928, 1383860, 3, 0.0, 0.0, 0.0
John Doe, 484, 212216, 61350, 9, 1.0, 0.063, 9271.720657343098
John Doe, 654, 275098, 219323, 10, 1.0, 0.063, 31346.96677070133
John Doe, 455, 55846, 1249837, 15, 0.0, 0.0, 0.0
John Doe, 425, 246823, 1880389, 2, 0.0, 0.0, 0.0
John Doe, 367, 235570, 1503924, 22, 0.0, 0.0, 0.0
John Doe, 563, 299459, 1723353, 4, 0.0, 0.0, 0.0
